<eagle version="6.1"><drawing><settings><setting alwaysvectorfont="no" verticaltext="up"/></settings><grid distance="0.1" unitdist="inch" unit="inch" style="lines" multiple="1" display="no" altdistance="0.01" altunitdist="inch" altunit="inch"/><layers><layer number="91" name="Nets" color="2" fill="1" visible="yes" active="yes"/><layer number="92" name="Busses" color="1" fill="1" visible="yes" active="yes"/><layer number="93" name="Pins" color="2" fill="1" visible="no" active="yes"/><layer number="94" name="Symbols" color="4" fill="1" visible="yes" active="yes"/><layer number="95" name="Names" color="7" fill="1" visible="yes" active="yes"/><layer number="96" name="Values" color="7" fill="1" visible="yes" active="yes"/><layer number="97" name="Info" color="7" fill="1" visible="yes" active="yes"/><layer number="98" name="Guide" color="6" fill="1" visible="yes" active="yes"/></layers><schematic><libraries><library name="AcceleratedDesigns_Lib"><packages><package name="con16_2X8_S4"><pad name="1" drill="0" y="2.54" x="-17.78"/><pad name="2" drill="0" y="0" x="-17.78"/><pad name="3" drill="0" y="2.54" x="-15.24"/><pad name="4" drill="0" y="0" x="-15.24"/><pad name="5" drill="0" y="2.54" x="-12.7"/><pad name="6" drill="0" y="0" x="-12.7"/><pad name="7" drill="0" y="2.54" x="-10.16"/><pad name="8" drill="0" y="0" x="-10.16"/><pad name="9" drill="0" y="2.54" x="-7.62"/><pad name="10" drill="0" y="0" x="-7.62"/><pad name="11" drill="0" y="2.54" x="-5.08"/><pad name="12" drill="0" y="0" x="-5.08"/><pad name="13" drill="0" y="2.54" x="-2.54"/><pad name="14" drill="0" y="0" x="-2.54"/><pad name="15" drill="0" y="2.54" x="0"/><pad name="16" drill="0" y="0" x="0"/></package></packages><symbols><symbol name="5103308-3@1"><pin name="1@1" x="0" y="0" rot="MR180" direction="pas" length="middle" visible="pad" swaplevel="0"/><pin name="2@2" x="0" y="-2.54" rot="MR180" direction="pas" length="middle" visible="pad" swaplevel="0"/><pin name="3@3" x="0" y="-5.08" rot="MR180" direction="pas" length="middle" visible="pad" swaplevel="0"/><pin name="4@4" x="0" y="-7.62" rot="MR180" direction="pas" length="middle" visible="pad" swaplevel="0"/><pin name="5@5" x="0" y="-10.16" rot="MR180" direction="pas" length="middle" visible="pad" swaplevel="0"/><pin name="6@6" x="0" y="-12.7" rot="MR180" direction="pas" length="middle" visible="pad" swaplevel="0"/><pin name="7@7" x="0" y="-15.24" rot="MR180" direction="pas" length="middle" visible="pad" swaplevel="0"/><pin name="8@8" x="0" y="-17.78" rot="MR180" direction="pas" length="middle" visible="pad" swaplevel="0"/><pin name="9@9" x="0" y="-20.32" rot="MR180" direction="pas" length="middle" visible="pad" swaplevel="0"/><pin name="10@10" x="0" y="-22.86" rot="MR180" direction="pas" length="middle" visible="pad" swaplevel="0"/><pin name="11@11" x="0" y="-25.4" rot="MR180" direction="pas" length="middle" visible="pad" swaplevel="0"/><pin name="12@12" x="0" y="-27.94" rot="MR180" direction="pas" length="middle" visible="pad" swaplevel="0"/><pin name="13@13" x="0" y="-30.48" rot="MR180" direction="pas" length="middle" visible="pad" swaplevel="0"/><pin name="14@14" x="0" y="-33.02" rot="MR180" direction="pas" length="middle" visible="pad" swaplevel="0"/><pin name="15@15" x="0" y="-35.56" rot="MR180" direction="pas" length="middle" visible="pad" swaplevel="0"/><pin name="16@16" x="0" y="-38.1" rot="MR180" direction="pas" length="middle" visible="pad" swaplevel="0"/><wire x1="10.16" y1="0" x2="5.08" y2="0" width="0.127" layer="94"/><wire x1="10.16" y1="-2.54" x2="5.08" y2="-2.54" width="0.127" layer="94"/><wire x1="10.16" y1="-5.08" x2="5.08" y2="-5.08" width="0.127" layer="94"/><wire x1="10.16" y1="-7.62" x2="5.08" y2="-7.62" width="0.127" layer="94"/><wire x1="10.16" y1="-10.16" x2="5.08" y2="-10.16" width="0.127" layer="94"/><wire x1="10.16" y1="-12.7" x2="5.08" y2="-12.7" width="0.127" layer="94"/><wire x1="10.16" y1="-15.24" x2="5.08" y2="-15.24" width="0.127" layer="94"/><wire x1="10.16" y1="-17.78" x2="5.08" y2="-17.78" width="0.127" layer="94"/><wire x1="10.16" y1="-20.32" x2="5.08" y2="-20.32" width="0.127" layer="94"/><wire x1="10.16" y1="-22.86" x2="5.08" y2="-22.86" width="0.127" layer="94"/><wire x1="10.16" y1="-25.4" x2="5.08" y2="-25.4" width="0.127" layer="94"/><wire x1="10.16" y1="-27.94" x2="5.08" y2="-27.94" width="0.127" layer="94"/><wire x1="10.16" y1="-30.48" x2="5.08" y2="-30.48" width="0.127" layer="94"/><wire x1="10.16" y1="-33.02" x2="5.08" y2="-33.02" width="0.127" layer="94"/><wire x1="10.16" y1="-35.56" x2="5.08" y2="-35.56" width="0.127" layer="94"/><wire x1="10.16" y1="-38.1" x2="5.08" y2="-38.1" width="0.127" layer="94"/><wire x1="10.16" y1="0" x2="8.89" y2="0.84666582" width="0.127" layer="94"/><wire x1="10.16" y1="-2.54" x2="8.89" y2="-1.69333418" width="0.127" layer="94"/><wire x1="10.16" y1="-5.08" x2="8.89" y2="-4.23333418" width="0.127" layer="94"/><wire x1="10.16" y1="-7.62" x2="8.89" y2="-6.77333418" width="0.127" layer="94"/><wire x1="10.16" y1="-10.16" x2="8.89" y2="-9.31333418" width="0.127" layer="94"/><wire x1="10.16" y1="-12.7" x2="8.89" y2="-11.85333418" width="0.127" layer="94"/><wire x1="10.16" y1="-15.24" x2="8.89" y2="-14.39333418" width="0.127" layer="94"/><wire x1="10.16" y1="-17.78" x2="8.89" y2="-16.93333418" width="0.127" layer="94"/><wire x1="10.16" y1="-20.32" x2="8.89" y2="-19.47333418" width="0.127" layer="94"/><wire x1="10.16" y1="-22.86" x2="8.89" y2="-22.01333418" width="0.127" layer="94"/><wire x1="10.16" y1="-25.4" x2="8.89" y2="-24.55333418" width="0.127" layer="94"/><wire x1="10.16" y1="-27.94" x2="8.89" y2="-27.09333418" width="0.127" layer="94"/><wire x1="10.16" y1="-30.48" x2="8.89" y2="-29.63333418" width="0.127" layer="94"/><wire x1="10.16" y1="-33.02" x2="8.89" y2="-32.17333418" width="0.127" layer="94"/><wire x1="10.16" y1="-35.56" x2="8.89" y2="-34.71333418" width="0.127" layer="94"/><wire x1="10.16" y1="-38.1" x2="8.89" y2="-37.25333418" width="0.127" layer="94"/><wire x1="10.16" y1="0" x2="8.89" y2="-0.84666582" width="0.127" layer="94"/><wire x1="10.16" y1="-2.54" x2="8.89" y2="-3.38666582" width="0.127" layer="94"/><wire x1="10.16" y1="-5.08" x2="8.89" y2="-5.92666582" width="0.127" layer="94"/><wire x1="10.16" y1="-7.62" x2="8.89" y2="-8.46666582" width="0.127" layer="94"/><wire x1="10.16" y1="-10.16" x2="8.89" y2="-11.00666582" width="0.127" layer="94"/><wire x1="10.16" y1="-12.7" x2="8.89" y2="-13.54666582" width="0.127" layer="94"/><wire x1="10.16" y1="-15.24" x2="8.89" y2="-16.08666582" width="0.127" layer="94"/><wire x1="10.16" y1="-17.78" x2="8.89" y2="-18.62666582" width="0.127" layer="94"/><wire x1="10.16" y1="-20.32" x2="8.89" y2="-21.16666582" width="0.127" layer="94"/><wire x1="10.16" y1="-22.86" x2="8.89" y2="-23.70666582" width="0.127" layer="94"/><wire x1="10.16" y1="-25.4" x2="8.89" y2="-26.24666582" width="0.127" layer="94"/><wire x1="10.16" y1="-27.94" x2="8.89" y2="-28.78666582" width="0.127" layer="94"/><wire x1="10.16" y1="-30.48" x2="8.89" y2="-31.32666582" width="0.127" layer="94"/><wire x1="10.16" y1="-33.02" x2="8.89" y2="-33.86666582" width="0.127" layer="94"/><wire x1="10.16" y1="-35.56" x2="8.89" y2="-36.40666582" width="0.127" layer="94"/><wire x1="10.16" y1="-38.1" x2="8.89" y2="-38.94666582" width="0.127" layer="94"/><wire x1="5.08" y1="2.54" x2="5.08" y2="-40.64" width="0.127" layer="94"/><wire x1="5.08" y1="-40.64" x2="12.7" y2="-40.64" width="0.127" layer="94"/><wire x1="12.7" y1="-40.64" x2="12.7" y2="2.54" width="0.127" layer="94"/><wire x1="12.7" y1="2.54" x2="5.08" y2="2.54" width="0.127" layer="94"/><text size="2" x="8.89" y="6.35" layer="95" align="center">&gt;NAME</text></symbol></symbols><devicesets><deviceset name="5103308-3" prefix="J"><gates><gate name="1" addlevel="always" y="0" x="0" symbol="5103308-3@1"/></gates><devices><device name="5103308-3" package="con16_2X8_S4"><connects><connect pad="1" pin="1@1" gate="1"/><connect pad="2" pin="2@2" gate="1"/><connect pad="3" pin="3@3" gate="1"/><connect pad="4" pin="4@4" gate="1"/><connect pad="5" pin="5@5" gate="1"/><connect pad="6" pin="6@6" gate="1"/><connect pad="7" pin="7@7" gate="1"/><connect pad="8" pin="8@8" gate="1"/><connect pad="9" pin="9@9" gate="1"/><connect pad="10" pin="10@10" gate="1"/><connect pad="11" pin="11@11" gate="1"/><connect pad="12" pin="12@12" gate="1"/><connect pad="13" pin="13@13" gate="1"/><connect pad="14" pin="14@14" gate="1"/><connect pad="15" pin="15@15" gate="1"/><connect pad="16" pin="16@16" gate="1"/></connects><technologies><technology name=""><attribute name="Copyright" value="Copyright (C) 2015 Accelerated Designs. All rights reserved" constant="no"/><attribute name="Number_of_Positions_Loaded" value="All" constant="no"/><attribute name="Contact_Type" value="Male Pin" constant="no"/><attribute name="DataSheet" value="http://documents.tycoelectronics.com/commerce/DocumentDelivery/DDEController?Action=srchrtrv&amp;amp;DocNm=5103308&amp;amp;DocType=CD&amp;amp;DocLang=EN" constant="no"/><attribute name="Number_of_Positions" value="16" constant="no"/><attribute name="Contact_Finish_Thickness" value="15Âµin (0.38Âµm)" constant="no"/><attribute name="Termination" value="Solder" constant="no"/><attribute name="Fastening_Type" value="-" constant="no"/><attribute name="Vendor" value="Tyco Electronics" constant="no"/><attribute name="Manufacturer_Part_Number" value="5103308-3" constant="no"/><attribute name="DigiKeyPartNumber" value="A33163-ND" constant="no"/><attribute name="Quantity_Available" value="16245" constant="no"/><attribute name="Category" value="Connectors" constant="no"/><attribute name="Color" value="Black" constant="no"/><attribute name="Connector_Type" value="Header, Shrouded" constant="no"/><attribute name="Contact_Finish" value="Gold or Gold-Palladium" constant="no"/><attribute name="Contact_Mating_Length" value="0.240&quot; (6.10mm)" constant="no"/><attribute name="Features" value="-" constant="no"/><attribute name="Mounting_Type" value="Through Hole" constant="no"/><attribute name="Number_of_Contacts_Loaded" value="All" constant="no"/><attribute name="Number_of_Rows" value="2" constant="no"/><attribute name="Pitch" value="0.100&quot; (2.54mm)" constant="no"/><attribute name="Row_Spacing" value="0.100&quot; (2.54mm)" constant="no"/><attribute name="Series" value="AMP-Latchâ„¢" constant="no"/><attribute name="Packaging" value="Tube" constant="no"/></technology></technologies></device></devices></deviceset></devicesets></library></libraries><attributes/><variantdefs/><classes><class number="0" name="default" width="0" drill="0"/></classes><parts/><sheets/></schematic></drawing></eagle>
