<eagle version="6.1"><drawing><settings><setting alwaysvectorfont="no" verticaltext="up"/></settings><grid distance="0.1" unitdist="inch" unit="inch" style="lines" multiple="1" display="no" altdistance="0.01" altunitdist="inch" altunit="inch"/><layers><layer number="91" name="Nets" color="2" fill="1" visible="yes" active="yes"/><layer number="92" name="Busses" color="1" fill="1" visible="yes" active="yes"/><layer number="93" name="Pins" color="2" fill="1" visible="no" active="yes"/><layer number="94" name="Symbols" color="4" fill="1" visible="yes" active="yes"/><layer number="95" name="Names" color="7" fill="1" visible="yes" active="yes"/><layer number="96" name="Values" color="7" fill="1" visible="yes" active="yes"/><layer number="97" name="Info" color="7" fill="1" visible="yes" active="yes"/><layer number="98" name="Guide" color="6" fill="1" visible="yes" active="yes"/></layers><schematic><libraries><library name="AcceleratedDesigns_Lib"><packages><package name="con40_2X20_S4"><pad name="1" drill="0" y="2.54" x="-48.26"/><pad name="2" drill="0" y="0" x="-48.26"/><pad name="3" drill="0" y="2.54" x="-45.72"/><pad name="4" drill="0" y="0" x="-45.72"/><pad name="5" drill="0" y="2.54" x="-43.18"/><pad name="6" drill="0" y="0" x="-43.18"/><pad name="7" drill="0" y="2.54" x="-40.64"/><pad name="8" drill="0" y="0" x="-40.64"/><pad name="9" drill="0" y="2.54" x="-38.1"/><pad name="10" drill="0" y="0" x="-38.1"/><pad name="11" drill="0" y="2.54" x="-35.56"/><pad name="12" drill="0" y="0" x="-35.56"/><pad name="13" drill="0" y="2.54" x="-33.02"/><pad name="14" drill="0" y="0" x="-33.02"/><pad name="15" drill="0" y="2.54" x="-30.48"/><pad name="16" drill="0" y="0" x="-30.48"/><pad name="17" drill="0" y="2.54" x="-27.94"/><pad name="18" drill="0" y="0" x="-27.94"/><pad name="19" drill="0" y="2.54" x="-25.4"/><pad name="20" drill="0" y="0" x="-25.4"/><pad name="21" drill="0" y="2.54" x="-22.86"/><pad name="22" drill="0" y="0" x="-22.86"/><pad name="23" drill="0" y="2.54" x="-20.32"/><pad name="24" drill="0" y="0" x="-20.32"/><pad name="25" drill="0" y="2.54" x="-17.78"/><pad name="26" drill="0" y="0" x="-17.78"/><pad name="27" drill="0" y="2.54" x="-15.24"/><pad name="28" drill="0" y="0" x="-15.24"/><pad name="29" drill="0" y="2.54" x="-12.7"/><pad name="30" drill="0" y="0" x="-12.7"/><pad name="31" drill="0" y="2.54" x="-10.16"/><pad name="32" drill="0" y="0" x="-10.16"/><pad name="33" drill="0" y="2.54" x="-7.62"/><pad name="34" drill="0" y="0" x="-7.62"/><pad name="35" drill="0" y="2.54" x="-5.08"/><pad name="36" drill="0" y="0" x="-5.08"/><pad name="37" drill="0" y="2.54" x="-2.54"/><pad name="38" drill="0" y="0" x="-2.54"/><pad name="39" drill="0" y="2.54" x="0"/><pad name="40" drill="0" y="0" x="0"/></package></packages><symbols><symbol name="1-1761606-3@1"><pin name="1@1" x="0" y="0" rot="MR180" direction="pas" length="middle" visible="pad" swaplevel="0"/><pin name="2@2" x="0" y="-2.54" rot="MR180" direction="pas" length="middle" visible="pad" swaplevel="0"/><pin name="3@3" x="0" y="-5.08" rot="MR180" direction="pas" length="middle" visible="pad" swaplevel="0"/><pin name="4@4" x="0" y="-7.62" rot="MR180" direction="pas" length="middle" visible="pad" swaplevel="0"/><pin name="5@5" x="0" y="-10.16" rot="MR180" direction="pas" length="middle" visible="pad" swaplevel="0"/><pin name="6@6" x="0" y="-12.7" rot="MR180" direction="pas" length="middle" visible="pad" swaplevel="0"/><pin name="7@7" x="0" y="-15.24" rot="MR180" direction="pas" length="middle" visible="pad" swaplevel="0"/><pin name="8@8" x="0" y="-17.78" rot="MR180" direction="pas" length="middle" visible="pad" swaplevel="0"/><pin name="9@9" x="0" y="-20.32" rot="MR180" direction="pas" length="middle" visible="pad" swaplevel="0"/><pin name="10@10" x="0" y="-22.86" rot="MR180" direction="pas" length="middle" visible="pad" swaplevel="0"/><pin name="11@11" x="0" y="-25.4" rot="MR180" direction="pas" length="middle" visible="pad" swaplevel="0"/><pin name="12@12" x="0" y="-27.94" rot="MR180" direction="pas" length="middle" visible="pad" swaplevel="0"/><pin name="13@13" x="0" y="-30.48" rot="MR180" direction="pas" length="middle" visible="pad" swaplevel="0"/><pin name="14@14" x="0" y="-33.02" rot="MR180" direction="pas" length="middle" visible="pad" swaplevel="0"/><pin name="15@15" x="0" y="-35.56" rot="MR180" direction="pas" length="middle" visible="pad" swaplevel="0"/><pin name="16@16" x="0" y="-38.1" rot="MR180" direction="pas" length="middle" visible="pad" swaplevel="0"/><pin name="17@17" x="0" y="-40.64" rot="MR180" direction="pas" length="middle" visible="pad" swaplevel="0"/><pin name="18@18" x="0" y="-43.18" rot="MR180" direction="pas" length="middle" visible="pad" swaplevel="0"/><pin name="19@19" x="0" y="-45.72" rot="MR180" direction="pas" length="middle" visible="pad" swaplevel="0"/><pin name="20@20" x="0" y="-48.26" rot="MR180" direction="pas" length="middle" visible="pad" swaplevel="0"/><pin name="21@21" x="0" y="-50.8" rot="MR180" direction="pas" length="middle" visible="pad" swaplevel="0"/><pin name="22@22" x="0" y="-53.34" rot="MR180" direction="pas" length="middle" visible="pad" swaplevel="0"/><pin name="23@23" x="0" y="-55.88" rot="MR180" direction="pas" length="middle" visible="pad" swaplevel="0"/><pin name="24@24" x="0" y="-58.42" rot="MR180" direction="pas" length="middle" visible="pad" swaplevel="0"/><pin name="25@25" x="0" y="-60.96" rot="MR180" direction="pas" length="middle" visible="pad" swaplevel="0"/><pin name="26@26" x="0" y="-63.5" rot="MR180" direction="pas" length="middle" visible="pad" swaplevel="0"/><pin name="27@27" x="0" y="-66.04" rot="MR180" direction="pas" length="middle" visible="pad" swaplevel="0"/><pin name="28@28" x="0" y="-68.58" rot="MR180" direction="pas" length="middle" visible="pad" swaplevel="0"/><pin name="29@29" x="0" y="-71.12" rot="MR180" direction="pas" length="middle" visible="pad" swaplevel="0"/><pin name="30@30" x="0" y="-73.66" rot="MR180" direction="pas" length="middle" visible="pad" swaplevel="0"/><pin name="31@31" x="0" y="-76.2" rot="MR180" direction="pas" length="middle" visible="pad" swaplevel="0"/><pin name="32@32" x="0" y="-78.74" rot="MR180" direction="pas" length="middle" visible="pad" swaplevel="0"/><pin name="33@33" x="0" y="-81.28" rot="MR180" direction="pas" length="middle" visible="pad" swaplevel="0"/><pin name="34@34" x="0" y="-83.82" rot="MR180" direction="pas" length="middle" visible="pad" swaplevel="0"/><pin name="35@35" x="0" y="-86.36" rot="MR180" direction="pas" length="middle" visible="pad" swaplevel="0"/><pin name="36@36" x="0" y="-88.9" rot="MR180" direction="pas" length="middle" visible="pad" swaplevel="0"/><pin name="37@37" x="0" y="-91.44" rot="MR180" direction="pas" length="middle" visible="pad" swaplevel="0"/><pin name="38@38" x="0" y="-93.98" rot="MR180" direction="pas" length="middle" visible="pad" swaplevel="0"/><pin name="39@39" x="0" y="-96.52" rot="MR180" direction="pas" length="middle" visible="pad" swaplevel="0"/><pin name="40@40" x="0" y="-99.06" rot="MR180" direction="pas" length="middle" visible="pad" swaplevel="0"/><wire x1="10.16" y1="0" x2="5.08" y2="0" width="0.127" layer="94"/><wire x1="10.16" y1="-2.54" x2="5.08" y2="-2.54" width="0.127" layer="94"/><wire x1="10.16" y1="-5.08" x2="5.08" y2="-5.08" width="0.127" layer="94"/><wire x1="10.16" y1="-7.62" x2="5.08" y2="-7.62" width="0.127" layer="94"/><wire x1="10.16" y1="-10.16" x2="5.08" y2="-10.16" width="0.127" layer="94"/><wire x1="10.16" y1="-12.7" x2="5.08" y2="-12.7" width="0.127" layer="94"/><wire x1="10.16" y1="-15.24" x2="5.08" y2="-15.24" width="0.127" layer="94"/><wire x1="10.16" y1="-17.78" x2="5.08" y2="-17.78" width="0.127" layer="94"/><wire x1="10.16" y1="-20.32" x2="5.08" y2="-20.32" width="0.127" layer="94"/><wire x1="10.16" y1="-22.86" x2="5.08" y2="-22.86" width="0.127" layer="94"/><wire x1="10.16" y1="-25.4" x2="5.08" y2="-25.4" width="0.127" layer="94"/><wire x1="10.16" y1="-27.94" x2="5.08" y2="-27.94" width="0.127" layer="94"/><wire x1="10.16" y1="-30.48" x2="5.08" y2="-30.48" width="0.127" layer="94"/><wire x1="10.16" y1="-33.02" x2="5.08" y2="-33.02" width="0.127" layer="94"/><wire x1="10.16" y1="-35.56" x2="5.08" y2="-35.56" width="0.127" layer="94"/><wire x1="10.16" y1="-38.1" x2="5.08" y2="-38.1" width="0.127" layer="94"/><wire x1="10.16" y1="-40.64" x2="5.08" y2="-40.64" width="0.127" layer="94"/><wire x1="10.16" y1="-43.18" x2="5.08" y2="-43.18" width="0.127" layer="94"/><wire x1="10.16" y1="-45.72" x2="5.08" y2="-45.72" width="0.127" layer="94"/><wire x1="10.16" y1="-48.26" x2="5.08" y2="-48.26" width="0.127" layer="94"/><wire x1="10.16" y1="-50.8" x2="5.08" y2="-50.8" width="0.127" layer="94"/><wire x1="10.16" y1="-53.34" x2="5.08" y2="-53.34" width="0.127" layer="94"/><wire x1="10.16" y1="-55.88" x2="5.08" y2="-55.88" width="0.127" layer="94"/><wire x1="10.16" y1="-58.42" x2="5.08" y2="-58.42" width="0.127" layer="94"/><wire x1="10.16" y1="-60.96" x2="5.08" y2="-60.96" width="0.127" layer="94"/><wire x1="10.16" y1="-63.5" x2="5.08" y2="-63.5" width="0.127" layer="94"/><wire x1="10.16" y1="-66.04" x2="5.08" y2="-66.04" width="0.127" layer="94"/><wire x1="10.16" y1="-68.58" x2="5.08" y2="-68.58" width="0.127" layer="94"/><wire x1="10.16" y1="-71.12" x2="5.08" y2="-71.12" width="0.127" layer="94"/><wire x1="10.16" y1="-73.66" x2="5.08" y2="-73.66" width="0.127" layer="94"/><wire x1="10.16" y1="-76.2" x2="5.08" y2="-76.2" width="0.127" layer="94"/><wire x1="10.16" y1="-78.74" x2="5.08" y2="-78.74" width="0.127" layer="94"/><wire x1="10.16" y1="-81.28" x2="5.08" y2="-81.28" width="0.127" layer="94"/><wire x1="10.16" y1="-83.82" x2="5.08" y2="-83.82" width="0.127" layer="94"/><wire x1="10.16" y1="-86.36" x2="5.08" y2="-86.36" width="0.127" layer="94"/><wire x1="10.16" y1="-88.9" x2="5.08" y2="-88.9" width="0.127" layer="94"/><wire x1="10.16" y1="-91.44" x2="5.08" y2="-91.44" width="0.127" layer="94"/><wire x1="10.16" y1="-93.98" x2="5.08" y2="-93.98" width="0.127" layer="94"/><wire x1="10.16" y1="-96.52" x2="5.08" y2="-96.52" width="0.127" layer="94"/><wire x1="10.16" y1="-99.06" x2="5.08" y2="-99.06" width="0.127" layer="94"/><wire x1="10.16" y1="0" x2="8.89" y2="0.84666582" width="0.127" layer="94"/><wire x1="10.16" y1="-2.54" x2="8.89" y2="-1.69333418" width="0.127" layer="94"/><wire x1="10.16" y1="-5.08" x2="8.89" y2="-4.23333418" width="0.127" layer="94"/><wire x1="10.16" y1="-7.62" x2="8.89" y2="-6.77333418" width="0.127" layer="94"/><wire x1="10.16" y1="-10.16" x2="8.89" y2="-9.31333418" width="0.127" layer="94"/><wire x1="10.16" y1="-12.7" x2="8.89" y2="-11.85333418" width="0.127" layer="94"/><wire x1="10.16" y1="-15.24" x2="8.89" y2="-14.39333418" width="0.127" layer="94"/><wire x1="10.16" y1="-17.78" x2="8.89" y2="-16.93333418" width="0.127" layer="94"/><wire x1="10.16" y1="-20.32" x2="8.89" y2="-19.47333418" width="0.127" layer="94"/><wire x1="10.16" y1="-22.86" x2="8.89" y2="-22.01333418" width="0.127" layer="94"/><wire x1="10.16" y1="-25.4" x2="8.89" y2="-24.55333418" width="0.127" layer="94"/><wire x1="10.16" y1="-27.94" x2="8.89" y2="-27.09333418" width="0.127" layer="94"/><wire x1="10.16" y1="-30.48" x2="8.89" y2="-29.63333418" width="0.127" layer="94"/><wire x1="10.16" y1="-33.02" x2="8.89" y2="-32.17333418" width="0.127" layer="94"/><wire x1="10.16" y1="-35.56" x2="8.89" y2="-34.71333418" width="0.127" layer="94"/><wire x1="10.16" y1="-38.1" x2="8.89" y2="-37.25333418" width="0.127" layer="94"/><wire x1="10.16" y1="-40.64" x2="8.89" y2="-39.79333418" width="0.127" layer="94"/><wire x1="10.16" y1="-43.18" x2="8.89" y2="-42.33333418" width="0.127" layer="94"/><wire x1="10.16" y1="-45.72" x2="8.89" y2="-44.87333418" width="0.127" layer="94"/><wire x1="10.16" y1="-48.26" x2="8.89" y2="-47.41333418" width="0.127" layer="94"/><wire x1="10.16" y1="-50.8" x2="8.89" y2="-49.95333418" width="0.127" layer="94"/><wire x1="10.16" y1="-53.34" x2="8.89" y2="-52.49333418" width="0.127" layer="94"/><wire x1="10.16" y1="-55.88" x2="8.89" y2="-55.03333418" width="0.127" layer="94"/><wire x1="10.16" y1="-58.42" x2="8.89" y2="-57.57333418" width="0.127" layer="94"/><wire x1="10.16" y1="-60.96" x2="8.89" y2="-60.11333418" width="0.127" layer="94"/><wire x1="10.16" y1="-63.5" x2="8.89" y2="-62.65333418" width="0.127" layer="94"/><wire x1="10.16" y1="-66.04" x2="8.89" y2="-65.19333418" width="0.127" layer="94"/><wire x1="10.16" y1="-68.58" x2="8.89" y2="-67.73333418" width="0.127" layer="94"/><wire x1="10.16" y1="-71.12" x2="8.89" y2="-70.27333418" width="0.127" layer="94"/><wire x1="10.16" y1="-73.66" x2="8.89" y2="-72.81333418" width="0.127" layer="94"/><wire x1="10.16" y1="-76.2" x2="8.89" y2="-75.35333418" width="0.127" layer="94"/><wire x1="10.16" y1="-78.74" x2="8.89" y2="-77.89333418" width="0.127" layer="94"/><wire x1="10.16" y1="-81.28" x2="8.89" y2="-80.43333418" width="0.127" layer="94"/><wire x1="10.16" y1="-83.82" x2="8.89" y2="-82.97333418" width="0.127" layer="94"/><wire x1="10.16" y1="-86.36" x2="8.89" y2="-85.51333418" width="0.127" layer="94"/><wire x1="10.16" y1="-88.9" x2="8.89" y2="-88.05333418" width="0.127" layer="94"/><wire x1="10.16" y1="-91.44" x2="8.89" y2="-90.59333418" width="0.127" layer="94"/><wire x1="10.16" y1="-93.98" x2="8.89" y2="-93.13333418" width="0.127" layer="94"/><wire x1="10.16" y1="-96.52" x2="8.89" y2="-95.67333418" width="0.127" layer="94"/><wire x1="10.16" y1="-99.06" x2="8.89" y2="-98.21333418" width="0.127" layer="94"/><wire x1="10.16" y1="0" x2="8.89" y2="-0.84666582" width="0.127" layer="94"/><wire x1="10.16" y1="-2.54" x2="8.89" y2="-3.38666582" width="0.127" layer="94"/><wire x1="10.16" y1="-5.08" x2="8.89" y2="-5.92666582" width="0.127" layer="94"/><wire x1="10.16" y1="-7.62" x2="8.89" y2="-8.46666582" width="0.127" layer="94"/><wire x1="10.16" y1="-10.16" x2="8.89" y2="-11.00666582" width="0.127" layer="94"/><wire x1="10.16" y1="-12.7" x2="8.89" y2="-13.54666582" width="0.127" layer="94"/><wire x1="10.16" y1="-15.24" x2="8.89" y2="-16.08666582" width="0.127" layer="94"/><wire x1="10.16" y1="-17.78" x2="8.89" y2="-18.62666582" width="0.127" layer="94"/><wire x1="10.16" y1="-20.32" x2="8.89" y2="-21.16666582" width="0.127" layer="94"/><wire x1="10.16" y1="-22.86" x2="8.89" y2="-23.70666582" width="0.127" layer="94"/><wire x1="10.16" y1="-25.4" x2="8.89" y2="-26.24666582" width="0.127" layer="94"/><wire x1="10.16" y1="-27.94" x2="8.89" y2="-28.78666582" width="0.127" layer="94"/><wire x1="10.16" y1="-30.48" x2="8.89" y2="-31.32666582" width="0.127" layer="94"/><wire x1="10.16" y1="-33.02" x2="8.89" y2="-33.86666582" width="0.127" layer="94"/><wire x1="10.16" y1="-35.56" x2="8.89" y2="-36.40666582" width="0.127" layer="94"/><wire x1="10.16" y1="-38.1" x2="8.89" y2="-38.94666582" width="0.127" layer="94"/><wire x1="10.16" y1="-40.64" x2="8.89" y2="-41.48666582" width="0.127" layer="94"/><wire x1="10.16" y1="-43.18" x2="8.89" y2="-44.02666582" width="0.127" layer="94"/><wire x1="10.16" y1="-45.72" x2="8.89" y2="-46.56666582" width="0.127" layer="94"/><wire x1="10.16" y1="-48.26" x2="8.89" y2="-49.10666582" width="0.127" layer="94"/><wire x1="10.16" y1="-50.8" x2="8.89" y2="-51.64666582" width="0.127" layer="94"/><wire x1="10.16" y1="-53.34" x2="8.89" y2="-54.18666582" width="0.127" layer="94"/><wire x1="10.16" y1="-55.88" x2="8.89" y2="-56.72666582" width="0.127" layer="94"/><wire x1="10.16" y1="-58.42" x2="8.89" y2="-59.26666582" width="0.127" layer="94"/><wire x1="10.16" y1="-60.96" x2="8.89" y2="-61.80666582" width="0.127" layer="94"/><wire x1="10.16" y1="-63.5" x2="8.89" y2="-64.34666582" width="0.127" layer="94"/><wire x1="10.16" y1="-66.04" x2="8.89" y2="-66.88666582" width="0.127" layer="94"/><wire x1="10.16" y1="-68.58" x2="8.89" y2="-69.42666582" width="0.127" layer="94"/><wire x1="10.16" y1="-71.12" x2="8.89" y2="-71.96666582" width="0.127" layer="94"/><wire x1="10.16" y1="-73.66" x2="8.89" y2="-74.50666582" width="0.127" layer="94"/><wire x1="10.16" y1="-76.2" x2="8.89" y2="-77.04666582" width="0.127" layer="94"/><wire x1="10.16" y1="-78.74" x2="8.89" y2="-79.58666582" width="0.127" layer="94"/><wire x1="10.16" y1="-81.28" x2="8.89" y2="-82.12666582" width="0.127" layer="94"/><wire x1="10.16" y1="-83.82" x2="8.89" y2="-84.66666582" width="0.127" layer="94"/><wire x1="10.16" y1="-86.36" x2="8.89" y2="-87.20666582" width="0.127" layer="94"/><wire x1="10.16" y1="-88.9" x2="8.89" y2="-89.74666582" width="0.127" layer="94"/><wire x1="10.16" y1="-91.44" x2="8.89" y2="-92.28666582" width="0.127" layer="94"/><wire x1="10.16" y1="-93.98" x2="8.89" y2="-94.82666582" width="0.127" layer="94"/><wire x1="10.16" y1="-96.52" x2="8.89" y2="-97.36666582" width="0.127" layer="94"/><wire x1="10.16" y1="-99.06" x2="8.89" y2="-99.90666582" width="0.127" layer="94"/><wire x1="5.08" y1="2.54" x2="5.08" y2="-101.6" width="0.127" layer="94"/><wire x1="5.08" y1="-101.6" x2="12.7" y2="-101.6" width="0.127" layer="94"/><wire x1="12.7" y1="-101.6" x2="12.7" y2="2.54" width="0.127" layer="94"/><wire x1="12.7" y1="2.54" x2="5.08" y2="2.54" width="0.127" layer="94"/><text size="2" x="8.89" y="6.35" layer="95" align="center">&gt;NAME</text></symbol></symbols><devicesets><deviceset name="1-1761606-3" prefix="J"><gates><gate name="1" addlevel="always" y="0" x="0" symbol="1-1761606-3@1"/></gates><devices><device name="1-1761606-3" package="con40_2X20_S4"><connects><connect pad="1" pin="1@1" gate="1"/><connect pad="2" pin="2@2" gate="1"/><connect pad="3" pin="3@3" gate="1"/><connect pad="4" pin="4@4" gate="1"/><connect pad="5" pin="5@5" gate="1"/><connect pad="6" pin="6@6" gate="1"/><connect pad="7" pin="7@7" gate="1"/><connect pad="8" pin="8@8" gate="1"/><connect pad="9" pin="9@9" gate="1"/><connect pad="10" pin="10@10" gate="1"/><connect pad="11" pin="11@11" gate="1"/><connect pad="12" pin="12@12" gate="1"/><connect pad="13" pin="13@13" gate="1"/><connect pad="14" pin="14@14" gate="1"/><connect pad="15" pin="15@15" gate="1"/><connect pad="16" pin="16@16" gate="1"/><connect pad="17" pin="17@17" gate="1"/><connect pad="18" pin="18@18" gate="1"/><connect pad="19" pin="19@19" gate="1"/><connect pad="20" pin="20@20" gate="1"/><connect pad="21" pin="21@21" gate="1"/><connect pad="22" pin="22@22" gate="1"/><connect pad="23" pin="23@23" gate="1"/><connect pad="24" pin="24@24" gate="1"/><connect pad="25" pin="25@25" gate="1"/><connect pad="26" pin="26@26" gate="1"/><connect pad="27" pin="27@27" gate="1"/><connect pad="28" pin="28@28" gate="1"/><connect pad="29" pin="29@29" gate="1"/><connect pad="30" pin="30@30" gate="1"/><connect pad="31" pin="31@31" gate="1"/><connect pad="32" pin="32@32" gate="1"/><connect pad="33" pin="33@33" gate="1"/><connect pad="34" pin="34@34" gate="1"/><connect pad="35" pin="35@35" gate="1"/><connect pad="36" pin="36@36" gate="1"/><connect pad="37" pin="37@37" gate="1"/><connect pad="38" pin="38@38" gate="1"/><connect pad="39" pin="39@39" gate="1"/><connect pad="40" pin="40@40" gate="1"/></connects><technologies><technology name=""><attribute name="Copyright" value="Copyright (C) 2015 Accelerated Designs. All rights reserved" constant="no"/><attribute name="Number_of_Positions_Loaded" value="All" constant="no"/><attribute name="Contact_Type" value="Male Pin" constant="no"/><attribute name="Number_of_Positions" value="40" constant="no"/><attribute name="Contact_Finish_Thickness" value="30Âµin (0.76Âµm)" constant="no"/><attribute name="Termination" value="Solder" constant="no"/><attribute name="Fastening_Type" value="Latch Lock/Eject Hooks" constant="no"/><attribute name="Packaging" value="Tube" constant="no"/><attribute name="Vendor" value="Tyco Electronics" constant="no"/><attribute name="Manufacturer_Part_Number" value="1-1761606-3" constant="no"/><attribute name="DigiKeyPartNumber" value="A31173-ND" constant="no"/><attribute name="Quantity_Available" value="1797" constant="no"/><attribute name="Category" value="Connectors" constant="no"/><attribute name="DataSheet" value="http://documents.tycoelectronics.com/commerce/DocumentDelivery/DDEController?Action=srchrtrv&amp;amp;DocNm=1761606&amp;amp;DocType=CD&amp;amp;DocLang=EN" constant="no"/><attribute name="Color" value="Black" constant="no"/><attribute name="Connector_Type" value="Header, Shrouded" constant="no"/><attribute name="Contact_Finish" value="Gold or Gold-Palladium" constant="no"/><attribute name="Contact_Mating_Length" value="0.237&quot; (6.02mm)" constant="no"/><attribute name="Features" value="-" constant="no"/><attribute name="Mounting_Type" value="Through Hole" constant="no"/><attribute name="Number_of_Contacts_Loaded" value="All" constant="no"/><attribute name="Number_of_Rows" value="2" constant="no"/><attribute name="Pitch" value="0.100&quot; (2.54mm)" constant="no"/><attribute name="Row_Spacing" value="0.100&quot; (2.54mm)" constant="no"/><attribute name="Series" value="AMP-Latchâ„¢" constant="no"/></technology></technologies></device></devices></deviceset></devicesets></library></libraries><attributes/><variantdefs/><classes><class number="0" name="default" width="0" drill="0"/></classes><parts/><sheets/></schematic></drawing></eagle>
